#country+code,#country+name,#indicator+code,#indicator+name,#indicator+value+num,#date+year
IND,India,21806,Refugees by country of origin (thousands),7.935,2017
IND,India,23806,Population with at least some secondary education (% ages 25 and older),51.62,2017
IND,India,23906,"Population with at least some secondary education, female (% ages 25 and older)",39.02,2017
IND,India,24006,"Population with at least some secondary education, male (% ages 25 and older)",63.46,2017
IND,India,24106,"Mean years of schooling, female (years)",4.752,2017
IND,India,24206,"Mean years of schooling, male (years)",8.17,2017
IND,India,31706,Share of seats in parliament (% held by women),11.57760814,2017
IND,India,36806,"Adolescent birth rate (births per 1,000 women ages 15-19)",23.074,2017
IND,India,43006,Vulnerable employment (% of total employment),77.5,2017
IND,India,44206,Total population (millions),1339.180127,2017
IND,India,45106,Urban population (%),33.6,2017
IND,India,48706,"Labour force participation rate (% ages 15 and older), female",27.2,2017
IND,India,48806,"Labour force participation rate (% ages 15 and older), male",78.8,2017
IND,India,49006,Sex ratio at birth (male to female births),1.11,2017
IND,India,52606,"Remittances, inflows (% of GDP)",2.65515,2017
IND,India,53506,"Foreign direct investment, net inflows (% of GDP)",1.53912,2017
IND,India,63106,Population ages 15–64 (millions),886.916,2017
IND,India,64306,"Infants lacking immunization, measles (% of one-year-olds)",12,2017
IND,India,64406,"Infants lacking immunization, DPT (% of one-year-olds)",9,2017
IND,India,65606,Gross fixed capital formation (% of GDP),28.49022318,2017
IND,India,68606,Gender Inequality Index (GII),0.524056934,2017
IND,India,69206,Life expectancy at birth (years),68.803,2017
IND,India,69706,Expected years of schooling (years),12.34981,2017
IND,India,71406,Inequality-adjusted education index,0.34120181,2017
IND,India,71506,Inequality-adjusted life expectancy index,0.590140892,2017
IND,India,71606,Inequality-adjusted income index,0.509257735,2017
IND,India,73506,Overall loss in HDI due to inequality (%),26.84652156,2017
IND,India,101606,Inequality in education (%),38.66773,2017
IND,India,101706,Inequality in income (%),18.79302,2017
IND,India,101806,Inequality in life expectancy (%),21.4,2017
IND,India,103006,Mean years of schooling (years),6.398,2017
IND,India,103206,Life expectancy index,0.750815385,2017
IND,India,103606,Income index,0.627110791,2017
IND,India,103706,Education index,0.556316944,2017
IND,India,110906,"Unemployment, youth (% ages 15–24)",10.5,2017
IND,India,111306,Private capital flows (% of GDP),-2.285304,2017
IND,India,120606,"Life expectancy at birth, female (years)",70.427,2017
IND,India,121106,"Life expectancy at birth, male (years)",67.32,2017
IND,India,121206,Young age (0-14) dependency ratio (per 100 people ages 15-64),41.95,2017
IND,India,122006,Old-age (65 and older) dependency ratio (per 100 people ages 15-64),9.043,2017
IND,India,123306,"Expected years of schooling, female (years)",12.8747,2017
IND,India,123406,"Expected years of schooling, male (years)",11.8797,2017
IND,India,123506,"Estimated gross national income per capita, female (2011 PPP $)",2722.279813,2017
IND,India,123606,"Estimated gross national income per capita, male (2011 PPP $)",9728.818371,2017
IND,India,132706,Population ages 65 and older (millions),80.203086,2017
IND,India,132806,Population under age 5 (millions),119.756757,2017
IND,India,133206,Exports and imports (% of GDP),40.6421,2017
IND,India,135006,Coefficient of human inequality,26.28691667,2017
IND,India,136706,GDP per capita (2011 PPP $),6426.674406,2017
IND,India,136906,"Human Development Index (HDI), female",0.574789622,2017
IND,India,137006,"Human Development Index (HDI), male",0.683441301,2017
IND,India,137506,Human Development Index (HDI),0.639832911,2017
IND,India,137906,Gender Development Index (GDI),0.841022661,2017
IND,India,138806,Inequality-adjusted HDI (IHDI),0.468060031,2017
IND,India,140606,"Unemployment, total (% of labour force)",3.5,2017
IND,India,141706,Gross national income (GNI) per capita (2011 PPP $),6353.045173,2017
IND,India,143306,"Gross domestic product (GDP), total (2011 PPP $ billions)",8606.474648,2017
IND,India,146206,HDI rank,130,2017
IND,India,148206,Labour force participation rate (% ages 15 and older),53.8,2017
IND,India,148306,Employment to population ratio (% ages 15 and older),51.9,2017
IND,India,150606,Employment in agriculture (% of total employment),42.7,2017
IND,India,150706,Employment in services (% of total employment),33.5,2017
IND,India,153706,Working poor at PPP$3.10 a day (% of total employment),42.9,2017
IND,India,169706,Total unemployment rate (female to male ratio),1.272727273,2017
IND,India,169806,Youth unemployment rate (female to male ratio),1.019417476,2017
IND,India,175106,"Share of employment in nonagriculture, female (% of total employment in nonagriculture)",18.58,2017
IND,India,175706,Women with account at financial institution or with mobile money-service provider (% of female population ages 15 and older),76.63963318,2017
IND,India,178306,Gross capital formation (% of GDP),30.74760469,2017
IND,India,181606,Red List Index (value),0.6835,2017
IND,India,23806,Population with at least some secondary education (% ages 25 and older),50.4,2016
IND,India,23906,"Population with at least some secondary education, female (% ages 25 and older)",37.4,2016
IND,India,24006,"Population with at least some secondary education, male (% ages 25 and older)",62.6,2016
IND,India,24106,"Mean years of schooling, female (years)",4.752,2016
IND,India,24206,"Mean years of schooling, male (years)",8.17,2016
IND,India,31706,Share of seats in parliament (% held by women),11.68996188,2016
IND,India,36806,"Adolescent birth rate (births per 1,000 women ages 15-19)",23.074,2016
IND,India,38406,Multidimensional poverty index (MPI),0.120762,2016
IND,India,38506,"Population in multidimensional poverty, intensity of deprivation (%)",43.9041,2016
IND,India,38606,"Population in multidimensional poverty, headcount (%)",27.5059,2016
IND,India,43006,Vulnerable employment (% of total employment),77.5,2016
IND,India,43606,"Internet users, total (% of population)",29.54716289,2016
IND,India,44206,Total population (millions),1324.171354,2016
IND,India,45106,Urban population (%),33.2,2016
IND,India,45806,Primary school teachers trained to teach (%),69.50208,2016
IND,India,46006,Mobile phone subscriptions (per 100 people),85.1709,2016
IND,India,46206,"Pupil-teacher ratio, primary school (pupils per teacher)",35.21588,2016
IND,India,48706,"Labour force participation rate (% ages 15 and older), female",27.5,2016
IND,India,48806,"Labour force participation rate (% ages 15 and older), male",78.9,2016
IND,India,49006,Sex ratio at birth (male to female births),1.11,2016
IND,India,52606,"Remittances, inflows (% of GDP)",2.75893,2016
IND,India,53506,"Foreign direct investment, net inflows (% of GDP)",1.95488,2016
IND,India,57206,"Mortality rate, infant (per 1,000 live births)",34.6,2016
IND,India,57506,"Mortality rate, under-five (per 1,000 live births)",43,2016
IND,India,57806,"Mortality rate, female adult (per 1,000 people)",138.728,2016
IND,India,57906,"Mortality rate, male adult (per 1,000 people)",212.282,2016
IND,India,58006,"HIV prevalence, adult (% ages 15-49)",0.3,2016
IND,India,61006,"Homicide rate (per 100,000 people)",3.2237,2016
IND,India,63106,Population ages 15–64 (millions),873.909,2016
IND,India,63206,"Gross enrolment ratio, primary (% of primary school-age population)",114.52528,2016
IND,India,63306,"Gross enrolment ratio, secondary (% of secondary school-age population)",75.17671,2016
IND,India,63406,"Gross enrolment ratio, tertiary (% of tertiary school-age population)",26.92859,2016
IND,India,64306,"Infants lacking immunization, measles (% of one-year-olds)",12,2016
IND,India,64406,"Infants lacking immunization, DPT (% of one-year-olds)",9,2016
IND,India,65606,Gross fixed capital formation (% of GDP),28.53402141,2016
IND,India,68606,Gender Inequality Index (GII),0.524035178,2016
IND,India,69206,Life expectancy at birth (years),68.56,2016
IND,India,69706,Expected years of schooling (years),12.34981,2016
IND,India,71406,Inequality-adjusted education index,0.337116942,2016
IND,India,71506,Inequality-adjusted life expectancy index,0.58754537,2016
IND,India,71606,Inequality-adjusted income index,0.489266438,2016
IND,India,73506,Overall loss in HDI due to inequality (%),27.78391532,2016
IND,India,99106,Net official development assistance received (% of GNI),0.119162,2016
IND,India,101006,Population in severe multidimensional poverty (%),8.59129,2016
IND,India,101606,Inequality in education (%),39.402,2016
IND,India,101706,Inequality in income (%),20.9744661,2016
IND,India,101806,Inequality in life expectancy (%),21.3541,2016
IND,India,102006,"Population in multidimensional poverty, headcount (thousands) (for the year of the survey)",364225,2016
IND,India,103006,Mean years of schooling (years),6.398,2016
IND,India,103206,Life expectancy index,0.747076923,2016
IND,India,103606,Income index,0.619124496,2016
IND,India,103706,Education index,0.556316944,2016
IND,India,110906,"Unemployment, youth (% ages 15–24)",10.5,2016
IND,India,111106,International inbound tourists (thousands),14569,2016
IND,India,111306,Private capital flows (% of GDP),-1.525179,2016
IND,India,117806,MPI 2018: Contribution of Education,23.5861,2016
IND,India,117906,MPI 2018: Contribution of Health,31.6278,2016
IND,India,118006,MPI 2018: Contribution of standard of living,44.7861,2016
IND,India,120606,"Life expectancy at birth, female (years)",70.166,2016
IND,India,121106,"Life expectancy at birth, male (years)",67.094,2016
IND,India,121206,Young age (0-14) dependency ratio (per 100 people ages 15-64),42.723,2016
IND,India,122006,Old-age (65 and older) dependency ratio (per 100 people ages 15-64),8.8,2016
IND,India,123306,"Expected years of schooling, female (years)",12.8747,2016
IND,India,123406,"Expected years of schooling, male (years)",11.8797,2016
IND,India,123506,"Estimated gross national income per capita, female (2011 PPP $)",2599.145334,2016
IND,India,123606,"Estimated gross national income per capita, male (2011 PPP $)",9210.895724,2016
IND,India,127606,Domestic credit provided by financial sector (% of GDP),75.03380173,2016
IND,India,132706,Population ages 65 and older (millions),76.90661,2016
IND,India,132806,Population under age 5 (millions),119.998,2016
IND,India,133006,"Gross enrolment ratio, pre-primary (% of preschool-age children)",12.91569,2016
IND,India,133206,Exports and imports (% of GDP),40.3492,2016
IND,India,135006,Coefficient of human inequality,27.24352203,2016
IND,India,136706,GDP per capita (2011 PPP $),6095.722796,2016
IND,India,136906,"Human Development Index (HDI), female",0.571052495,2016
IND,India,137006,"Human Development Index (HDI), male",0.679677039,2016
IND,India,137506,Human Development Index (HDI),0.636046009,2016
IND,India,137906,Gender Development Index (GDI),0.840182119,2016
IND,India,138806,Inequality-adjusted HDI (IHDI),0.459327525,2016
IND,India,140606,"Unemployment, total (% of labour force)",3.5,2016
IND,India,141706,Gross national income (GNI) per capita (2011 PPP $),6025.885214,2016
IND,India,142506,Population vulnerable to multidimensional poverty (%),19.1198,2016
IND,India,143306,"Gross domestic product (GDP), total (2011 PPP $ billions)",8071.781508,2016
IND,India,146206,HDI rank,129,2016
IND,India,147206,International student mobility (% of total tertiary enrolment),-0.71815,2016
IND,India,148206,Labour force participation rate (% ages 15 and older),53.9,2016
IND,India,148306,Employment to population ratio (% ages 15 and older),52,2016
IND,India,150606,Employment in agriculture (% of total employment),43.4,2016
IND,India,150706,Employment in services (% of total employment),32.8,2016
IND,India,153706,Working poor at PPP$3.10 a day (% of total employment),44.2,2016
IND,India,164406,Adjusted net savings (% of GNI),15.548243,2016
IND,India,169706,Total unemployment rate (female to male ratio),1.272727273,2016
IND,India,169806,Youth unemployment rate (female to male ratio),1.029411765,2016
IND,India,170006,Concentration index (exports) (value),0.119699986,2016
IND,India,174206,"Total debt service (% of exports of goods, services and primary income)",17.30016626,2016
IND,India,174506,"Mortality rate attributed to household and ambient air pollution (per 100,000 population)",184.3,2016
IND,India,174606,"Mortality rate attributed to unsafe water, sanitation and hygiene services (per 100,000 population)",18.6,2016
IND,India,175106,"Share of employment in nonagriculture, female (% of total employment in nonagriculture)",18.68,2016
IND,India,175506,"Contraceptive prevalence, any method (% of married or in-union women of reproductive age, 15–49 years)",53.5,2016
IND,India,175606,"Unmet need for family planning (% of married or in-union women of reproductive age, 15–49 years)",12.9,2016
IND,India,178306,Gross capital formation (% of GDP),30.34734304,2016
IND,India,181206,Proportion of births attended by skilled health personnel (%),85.7,2016
IND,India,181706,Rural population with access to electricity (%),77.62869016,2016
IND,India,182106,"Malaria incidence (per 1,000 people at risk)",18.837,2016
IND,India,182206,"Tuberculosis incidence (per 100,000 people)",211,2016
IND,India,183406,"Population in multidimensional poverty, headcount (thousands) (projection for 2016)",364225,2016
IND,India,23806,Population with at least some secondary education (% ages 25 and older),48.736,2015
IND,India,23906,"Population with at least some secondary education, female (% ages 25 and older)",35.328,2015
IND,India,24006,"Population with at least some secondary education, male (% ages 25 and older)",61.404,2015
IND,India,24106,"Mean years of schooling, female (years)",4.752,2015
IND,India,24206,"Mean years of schooling, male (years)",8.17,2015
IND,India,31706,Share of seats in parliament (% held by women),12.21374046,2015
IND,India,36806,"Adolescent birth rate (births per 1,000 women ages 15-19)",26.7275,2015
IND,India,43006,Vulnerable employment (% of total employment),78,2015
IND,India,43606,"Internet users, total (% of population)",26,2015
IND,India,44206,Total population (millions),1309.05398,2015
IND,India,45106,Urban population (%),32.8,2015
IND,India,46006,Mobile phone subscriptions (per 100 people),76.4717,2015
IND,India,46106,Primary school dropout rate (% of primary school cohort),9.83655,2015
IND,India,46206,"Pupil-teacher ratio, primary school (pupils per teacher)",31.49146,2015
IND,India,47906,Median age (years),26.678,2015
IND,India,48706,"Labour force participation rate (% ages 15 and older), female",27.3,2015
IND,India,48806,"Labour force participation rate (% ages 15 and older), male",79.1,2015
IND,India,49006,Sex ratio at birth (male to female births),1.11,2015
IND,India,52306,Research and development expenditure (% of GDP),0.6274,2015
IND,India,52606,"Remittances, inflows (% of GDP)",3.27768,2015
IND,India,53506,"Foreign direct investment, net inflows (% of GDP)",2.09331,2015
IND,India,57206,"Mortality rate, infant (per 1,000 live births)",36.2,2015
IND,India,57506,"Mortality rate, under-five (per 1,000 live births)",45.2,2015
IND,India,57806,"Mortality rate, female adult (per 1,000 people)",141.252,2015
IND,India,57906,"Mortality rate, male adult (per 1,000 people)",214.641,2015
IND,India,58006,"HIV prevalence, adult (% ages 15-49)",0.3,2015
IND,India,61006,"Homicide rate (per 100,000 people)",3.3906,2015
IND,India,63106,Population ages 15–64 (millions),860.128,2015
IND,India,63206,"Gross enrolment ratio, primary (% of primary school-age population)",108.49523,2015
IND,India,63306,"Gross enrolment ratio, secondary (% of secondary school-age population)",73.97899,2015
IND,India,63406,"Gross enrolment ratio, tertiary (% of tertiary school-age population)",26.87559,2015
IND,India,64306,"Infants lacking immunization, measles (% of one-year-olds)",13,2015
IND,India,64406,"Infants lacking immunization, DPT (% of one-year-olds)",10,2015
IND,India,65606,Gross fixed capital formation (% of GDP),28.46720629,2015
IND,India,68606,Gender Inequality Index (GII),0.533711201,2015
IND,India,69206,Life expectancy at birth (years),68.302,2015
IND,India,69706,Expected years of schooling (years),11.95788,2015
IND,India,71406,Inequality-adjusted education index,0.328516504,2015
IND,India,71506,Inequality-adjusted life expectancy index,0.564804203,2015
IND,India,71606,Inequality-adjusted income index,0.512455218,2015
IND,India,73506,Overall loss in HDI due to inequality (%),27.1499848,2015
IND,India,89006,"Maternal mortality ratio (deaths per 100,000 live births)",174,2015
IND,India,99106,Net official development assistance received (% of GNI),0.152761,2015
IND,India,100806,Forest area (% of total land area),23.77311911,2015
IND,India,101606,Inequality in education (%),39.402,2015
IND,India,101706,Inequality in income (%),16.057,2015
IND,India,101806,Inequality in life expectancy (%),23.9943,2015
IND,India,103006,Mean years of schooling (years),6.29883,2015
IND,India,103206,Life expectancy index,0.743107692,2015
IND,India,103606,Income index,0.61047999,2015
IND,India,103706,Education index,0.542124333,2015
IND,India,110806,"Net migration rate (per 1,000 people)",-0.406,2015
IND,India,110906,"Unemployment, youth (% ages 15–24)",10.4,2015
IND,India,111106,International inbound tourists (thousands),13284,2015
IND,India,111306,Private capital flows (% of GDP),-2.187122,2015
IND,India,112506,"Suicide rate, male (per 100,000 people)",17.9,2015
IND,India,112606,"Suicide rate, female (per 100,000 people)",14.2,2015
IND,India,120606,"Life expectancy at birth, female (years)",69.882,2015
IND,India,121106,"Life expectancy at birth, male (years)",66.857,2015
IND,India,121206,Young age (0-14) dependency ratio (per 100 people ages 15-64),43.615,2015
IND,India,122006,Old-age (65 and older) dependency ratio (per 100 people ages 15-64),8.578,2015
IND,India,123306,"Expected years of schooling, female (years)",12.3173,2015
IND,India,123406,"Expected years of schooling, male (years)",11.6363,2015
IND,India,123506,"Estimated gross national income per capita, female (2011 PPP $)",2437.222301,2015
IND,India,123606,"Estimated gross national income per capita, male (2011 PPP $)",8713.719346,2015
IND,India,127606,Domestic credit provided by financial sector (% of GDP),75.65411139,2015
IND,India,132706,Population ages 65 and older (millions),73.78149,2015
IND,India,132806,Population under age 5 (millions),121.415,2015
IND,India,133006,"Gross enrolment ratio, pre-primary (% of preschool-age children)",12.24942,2015
IND,India,133206,Exports and imports (% of GDP),41.9467,2015
IND,India,135006,Coefficient of human inequality,26.48443333,2015
IND,India,136706,GDP per capita (2011 PPP $),5756.664665,2015
IND,India,136906,"Human Development Index (HDI), female",0.560420316,2015
IND,India,137006,"Human Development Index (HDI), male",0.673268016,2015
IND,India,137506,Human Development Index (HDI),0.626528307,2015
IND,India,137906,Gender Development Index (GDI),0.832388146,2015
IND,India,138806,Inequality-adjusted HDI (IHDI),0.456425967,2015
IND,India,140606,"Unemployment, total (% of labour force)",3.5,2015
IND,India,141706,Gross national income (GNI) per capita (2011 PPP $),5690.722033,2015
IND,India,143306,"Gross domestic product (GDP), total (2011 PPP $ billions)",7535.784791,2015
IND,India,147206,International student mobility (% of total tertiary enrolment),-0.66685,2015
IND,India,148206,Labour force participation rate (% ages 15 and older),54,2015
IND,India,148306,Employment to population ratio (% ages 15 and older),52.1,2015
IND,India,150606,Employment in agriculture (% of total employment),44.4,2015
IND,India,150706,Employment in services (% of total employment),31.7,2015
IND,India,153706,Working poor at PPP$3.10 a day (% of total employment),46.4,2015
IND,India,163906,Renewable energy consumption (% of total final energy consumption),36.02122257,2015
IND,India,164406,Adjusted net savings (% of GNI),18.81130061,2015
IND,India,169706,Total unemployment rate (female to male ratio),1.272727273,2015
IND,India,169806,Youth unemployment rate (female to male ratio),1.02970297,2015
IND,India,170006,Concentration index (exports) (value),0.119710755,2015
IND,India,174206,"Total debt service (% of exports of goods, services and primary income)",11.22498616,2015
IND,India,175106,"Share of employment in nonagriculture, female (% of total employment in nonagriculture)",18.49,2015
IND,India,177106,Population using improved drinking-water sources (%),87.55914016,2015
IND,India,177206,Population using improved sanitation facilities (%),44.15112275,2015
IND,India,177706,Survival rate to the last grade of lower secondary general education (%),96.94877,2015
IND,India,178306,Gross capital formation (% of GDP),31.79231187,2015
IND,India,181706,Rural population with access to electricity (%),83.2,2015
IND,India,181806,Current health expenditure (% of GDP),3.88826,2015
IND,India,182106,"Malaria incidence (per 1,000 people at risk)",18.342,2015
IND,India,182206,"Tuberculosis incidence (per 100,000 people)",217,2015
IND,India,23806,Population with at least some secondary education (% ages 25 and older),48.736,2014
IND,India,23906,"Population with at least some secondary education, female (% ages 25 and older)",35.328,2014
IND,India,24006,"Population with at least some secondary education, male (% ages 25 and older)",61.404,2014
IND,India,24106,"Mean years of schooling, female (years)",4.752,2014
IND,India,24206,"Mean years of schooling, male (years)",7.966,2014
IND,India,27706,"Carbon dioxide emissions, per capita (tonnes)",1.730000432,2014
IND,India,31706,Share of seats in parliament (% held by women),11.83206107,2014
IND,India,36806,"Adolescent birth rate (births per 1,000 women ages 15-19)",28.876,2014
IND,India,43006,Vulnerable employment (% of total employment),78.5,2014
IND,India,43606,"Internet users, total (% of population)",21,2014
IND,India,44206,Total population (millions),1293.859294,2014
IND,India,45106,Urban population (%),32.4,2014
IND,India,45806,Primary school teachers trained to teach (%),77.24506,2014
IND,India,46006,Mobile phone subscriptions (per 100 people),72.9607,2014
IND,India,46106,Primary school dropout rate (% of primary school cohort),6.7338,2014
IND,India,46206,"Pupil-teacher ratio, primary school (pupils per teacher)",31.28855,2014
IND,India,48706,"Labour force participation rate (% ages 15 and older), female",27.1,2014
IND,India,48806,"Labour force participation rate (% ages 15 and older), male",79.3,2014
IND,India,52606,"Remittances, inflows (% of GDP)",3.4519,2014
IND,India,53506,"Foreign direct investment, net inflows (% of GDP)",1.69566,2014
IND,India,57206,"Mortality rate, infant (per 1,000 live births)",37.9,2014
IND,India,57506,"Mortality rate, under-five (per 1,000 live births)",47.7,2014
IND,India,57806,"Mortality rate, female adult (per 1,000 people)",143.776,2014
IND,India,57906,"Mortality rate, male adult (per 1,000 people)",217,2014
IND,India,58006,"HIV prevalence, adult (% ages 15-49)",0.3,2014
IND,India,61006,"Homicide rate (per 100,000 people)",3.6601,2014
IND,India,63106,Population ages 15–64 (millions),846.013,2014
IND,India,63206,"Gross enrolment ratio, primary (% of primary school-age population)",107.86236,2014
IND,India,63306,"Gross enrolment ratio, secondary (% of secondary school-age population)",74.28421,2014
IND,India,63406,"Gross enrolment ratio, tertiary (% of tertiary school-age population)",25.53735,2014
IND,India,64306,"Infants lacking immunization, measles (% of one-year-olds)",15,2014
IND,India,64406,"Infants lacking immunization, DPT (% of one-year-olds)",10,2014
IND,India,65606,Gross fixed capital formation (% of GDP),30.08023705,2014
IND,India,68606,Gender Inequality Index (GII),0.543737116,2014
IND,India,69206,Life expectancy at birth (years),68.021,2014
IND,India,69706,Expected years of schooling (years),11.87868,2014
IND,India,71406,Inequality-adjusted education index,0.308009472,2014
IND,India,71506,Inequality-adjusted life expectancy index,0.554088462,2014
IND,India,71606,Inequality-adjusted income index,0.503706802,2014
IND,India,73506,Overall loss in HDI due to inequality (%),28.57768393,2014
IND,India,89006,"Maternal mortality ratio (deaths per 100,000 live births)",181,2014
IND,India,99106,Net official development assistance received (% of GNI),0.148476,2014
IND,India,100806,Forest area (% of total land area),23.71311622,2014
IND,India,101606,Inequality in education (%),42.1,2014
IND,India,101706,Inequality in income (%),16.1,2014
IND,India,101806,Inequality in life expectancy (%),25,2014
IND,India,103006,Mean years of schooling (years),6.06014,2014
IND,India,103206,Life expectancy index,0.738784615,2014
IND,India,103606,Income index,0.600365676,2014
IND,India,103706,Education index,0.531968,2014
IND,India,110906,"Unemployment, youth (% ages 15–24)",10,2014
IND,India,111106,International inbound tourists (thousands),13107,2014
IND,India,111306,Private capital flows (% of GDP),-2.973354,2014
IND,India,120606,"Life expectancy at birth, female (years)",69.561,2014
IND,India,121106,"Life expectancy at birth, male (years)",66.611,2014
IND,India,121206,Young age (0-14) dependency ratio (per 100 people ages 15-64),44.518,2014
IND,India,122006,Old-age (65 and older) dependency ratio (per 100 people ages 15-64),8.418,2014
IND,India,123306,"Expected years of schooling, female (years)",12.2196,2014
IND,India,123406,"Expected years of schooling, male (years)",11.5739,2014
IND,India,123506,"Estimated gross national income per capita, female (2011 PPP $)",2266.08669,2014
IND,India,123606,"Estimated gross national income per capita, male (2011 PPP $)",8160.772931,2014
IND,India,127606,Domestic credit provided by financial sector (% of GDP),75.90816973,2014
IND,India,132706,Population ages 65 and older (millions),71.21491,2014
IND,India,132806,Population under age 5 (millions),122.588,2014
IND,India,133006,"Gross enrolment ratio, pre-primary (% of preschool-age children)",11.74013,2014
IND,India,133206,Exports and imports (% of GDP),48.9222,2014
IND,India,135006,Coefficient of human inequality,27.73333333,2014
IND,India,136706,GDP per capita (2011 PPP $),5385.141814,2014
IND,India,136906,"Human Development Index (HDI), female",0.553865345,2014
IND,India,137006,"Human Development Index (HDI), male",0.665633684,2014
IND,India,137506,Human Development Index (HDI),0.617930647,2014
IND,India,137906,Gender Development Index (GDI),0.832087315,2014
IND,India,138806,Inequality-adjusted HDI (IHDI),0.44134038,2014
IND,India,140606,"Unemployment, total (% of labour force)",3.4,2014
IND,India,141706,Gross national income (GNI) per capita (2011 PPP $),5322.162099,2014
IND,India,143306,"Gross domestic product (GDP), total (2011 PPP $ billions)",6967.615786,2014
IND,India,147206,International student mobility (% of total tertiary enrolment),-0.58111,2014
IND,India,148206,Labour force participation rate (% ages 15 and older),54,2014
IND,India,148306,Employment to population ratio (% ages 15 and older),52.1,2014
IND,India,150606,Employment in agriculture (% of total employment),45.5,2014
IND,India,150706,Employment in services (% of total employment),30.5,2014
IND,India,153706,Working poor at PPP$3.10 a day (% of total employment),49,2014
IND,India,163906,Renewable energy consumption (% of total final energy consumption),36.65183786,2014
IND,India,164406,Adjusted net savings (% of GNI),20.60090616,2014
IND,India,169706,Total unemployment rate (female to male ratio),1.28125,2014
IND,India,169806,Youth unemployment rate (female to male ratio),1.030927835,2014
IND,India,170006,Concentration index (exports) (value),0.17465061,2014
IND,India,174206,"Total debt service (% of exports of goods, services and primary income)",18.51531502,2014
IND,India,174306,Fossil fuel energy consumption (% of total energy consumption),73.46341619,2014
IND,India,174406,Carbon dioxide emissions (kg per 2011 PPP $ of GDP),0.321254387,2014
IND,India,175106,"Share of employment in nonagriculture, female (% of total employment in nonagriculture)",18.34,2014
IND,India,175706,Women with account at financial institution or with mobile money-service provider (% of female population ages 15 and older),43.13261032,2014
IND,India,177706,Survival rate to the last grade of lower secondary general education (%),95.73578,2014
IND,India,178306,Gross capital formation (% of GDP),34.26780562,2014
IND,India,181206,Proportion of births attended by skilled health personnel (%),81.4,2014
IND,India,181706,Rural population with access to electricity (%),73.63162317,2014
IND,India,181806,Current health expenditure (% of GDP),3.62952,2014
IND,India,182206,"Tuberculosis incidence (per 100,000 people)",223,2014
IND,India,23806,Population with at least some secondary education (% ages 25 and older),47.072,2013
IND,India,23906,"Population with at least some secondary education, female (% ages 25 and older)",33.256,2013
IND,India,24006,"Population with at least some secondary education, male (% ages 25 and older)",60.208,2013
IND,India,24106,"Mean years of schooling, female (years)",4.454,2013
IND,India,24206,"Mean years of schooling, male (years)",7.762,2013
IND,India,27706,"Carbon dioxide emissions, per capita (tonnes)",1.591437853,2013
IND,India,31706,Share of seats in parliament (% held by women),10.88607595,2013
IND,India,36806,"Adolescent birth rate (births per 1,000 women ages 15-19)",31.0245,2013
IND,India,43006,Vulnerable employment (% of total employment),78.8,2013
IND,India,43606,"Internet users, total (% of population)",15.1,2013
IND,India,44206,Total population (millions),1278.562207,2013
IND,India,45106,Urban population (%),32,2013
IND,India,46006,Mobile phone subscriptions (per 100 people),69.3204,2013
IND,India,46106,Primary school dropout rate (% of primary school cohort),18.16225,2013
IND,India,46206,"Pupil-teacher ratio, primary school (pupils per teacher)",32.31833,2013
IND,India,48706,"Labour force participation rate (% ages 15 and older), female",27,2013
IND,India,48806,"Labour force participation rate (% ages 15 and older), male",79.4,2013
IND,India,52606,"Remittances, inflows (% of GDP)",3.76849,2013
IND,India,53506,"Foreign direct investment, net inflows (% of GDP)",1.51628,2013
IND,India,57206,"Mortality rate, infant (per 1,000 live births)",39.7,2013
IND,India,57506,"Mortality rate, under-five (per 1,000 live births)",50.3,2013
IND,India,57806,"Mortality rate, female adult (per 1,000 people)",146.3,2013
IND,India,57906,"Mortality rate, male adult (per 1,000 people)",219.359,2013
IND,India,58006,"HIV prevalence, adult (% ages 15-49)",0.3,2013
IND,India,61006,"Homicide rate (per 100,000 people)",3.5882,2013
IND,India,63106,Population ages 15–64 (millions),831.446,2013
IND,India,63206,"Gross enrolment ratio, primary (% of primary school-age population)",110.57465,2013
IND,India,63306,"Gross enrolment ratio, secondary (% of secondary school-age population)",68.91158,2013
IND,India,63406,"Gross enrolment ratio, tertiary (% of tertiary school-age population)",23.89487,2013
IND,India,64306,"Infants lacking immunization, measles (% of one-year-olds)",17,2013
IND,India,64406,"Infants lacking immunization, DPT (% of one-year-olds)",10,2013
IND,India,65606,Gross fixed capital formation (% of GDP),31.29580503,2013
IND,India,68606,Gender Inequality Index (GII),0.557859453,2013
IND,India,69206,Life expectancy at birth (years),67.714,2013
IND,India,69706,Expected years of schooling (years),11.55511,2013
IND,India,71406,Inequality-adjusted education index,0.298198638,2013
IND,India,71506,Inequality-adjusted life expectancy index,0.550546154,2013
IND,India,71606,Inequality-adjusted income index,0.496054535,2013
IND,India,73506,Overall loss in HDI due to inequality (%),28.57768393,2013
IND,India,89006,"Maternal mortality ratio (deaths per 100,000 live births)",189,2013
IND,India,99106,Net official development assistance received (% of GNI),0.133963,2013
IND,India,100806,Forest area (% of total land area),23.65311332,2013
IND,India,101606,Inequality in education (%),42.1,2013
IND,India,101706,Inequality in income (%),16.1,2013
IND,India,101806,Inequality in life expectancy (%),25,2013
IND,India,103006,Mean years of schooling (years),5.82144828,2013
IND,India,103206,Life expectancy index,0.734061538,2013
IND,India,103606,Income index,0.591244976,2013
IND,India,103706,Education index,0.515023554,2013
IND,India,110906,"Unemployment, youth (% ages 15–24)",10.1,2013
IND,India,111106,International inbound tourists (thousands),6968,2013
IND,India,111306,Private capital flows (% of GDP),-1.790579,2013
IND,India,120606,"Life expectancy at birth, female (years)",69.195,2013
IND,India,121106,"Life expectancy at birth, male (years)",66.353,2013
IND,India,121206,Young age (0-14) dependency ratio (per 100 people ages 15-64),45.483,2013
IND,India,122006,Old-age (65 and older) dependency ratio (per 100 people ages 15-64),8.293,2013
IND,India,123306,"Expected years of schooling, female (years)",11.8661,2013
IND,India,123406,"Expected years of schooling, male (years)",11.2775,2013
IND,India,123506,"Estimated gross national income per capita, female (2011 PPP $)",2120.799643,2013
IND,India,123606,"Estimated gross national income per capita, male (2011 PPP $)",7693.339965,2013
IND,India,127606,Domestic credit provided by financial sector (% of GDP),77.91684764,2013
IND,India,132706,Population ages 65 and older (millions),68.94828,2013
IND,India,132806,Population under age 5 (millions),124.278,2013
IND,India,133006,"Gross enrolment ratio, pre-primary (% of preschool-age children)",9.60531,2013
IND,India,133206,Exports and imports (% of GDP),53.8441,2013
IND,India,135006,Coefficient of human inequality,27.73333333,2013
IND,India,136706,GDP per capita (2011 PPP $),5073.605489,2013
IND,India,136906,"Human Development Index (HDI), female",0.541135525,2013
IND,India,137006,"Human Development Index (HDI), male",0.655789235,2013
IND,India,137506,Human Development Index (HDI),0.60688864,2013
IND,India,137906,Gender Development Index (GDI),0.825166831,2013
IND,India,138806,Inequality-adjusted HDI (IHDI),0.433453922,2013
IND,India,140606,"Unemployment, total (% of labour force)",3.5,2013
IND,India,141706,Gross national income (GNI) per capita (2011 PPP $),5010.320727,2013
IND,India,143306,"Gross domestic product (GDP), total (2011 PPP $ billions)",6486.920232,2013
IND,India,147206,International student mobility (% of total tertiary enrolment),-0.55418,2013
IND,India,148206,Labour force participation rate (% ages 15 and older),54,2013
IND,India,148306,Employment to population ratio (% ages 15 and older),52.1,2013
IND,India,149206,Government expenditure on education (% of GDP),3.844670057,2013
IND,India,150606,Employment in agriculture (% of total employment),46.7,2013
IND,India,150706,Employment in services (% of total employment),29.6,2013
IND,India,153706,Working poor at PPP$3.10 a day (% of total employment),51.5,2013
IND,India,163906,Renewable energy consumption (% of total final energy consumption),37.84984118,2013
IND,India,164406,Adjusted net savings (% of GNI),19.98655907,2013
IND,India,169706,Total unemployment rate (female to male ratio),1.3125,2013
IND,India,169806,Youth unemployment rate (female to male ratio),1.030612245,2013
IND,India,170006,Concentration index (exports) (value),0.183936404,2013
IND,India,174206,"Total debt service (% of exports of goods, services and primary income)",8.074304983,2013
IND,India,174306,Fossil fuel energy consumption (% of total energy consumption),72.28013726,2013
IND,India,174406,Carbon dioxide emissions (kg per 2011 PPP $ of GDP),0.313670004,2013
IND,India,175106,"Share of employment in nonagriculture, female (% of total employment in nonagriculture)",18.23,2013
IND,India,177706,Survival rate to the last grade of lower secondary general education (%),99.41013,2013
IND,India,178306,Gross capital formation (% of GDP),34.02320208,2013
IND,India,179706,Ratio of education and health expenditure to military expenditure,3.070740127,2013
IND,India,181706,Rural population with access to electricity (%),71.65504757,2013
IND,India,181806,Current health expenditure (% of GDP),3.74843,2013
IND,India,182206,"Tuberculosis incidence (per 100,000 people)",228,2013
IND,India,23806,Population with at least some secondary education (% ages 25 and older),45.408,2012
IND,India,23906,"Population with at least some secondary education, female (% ages 25 and older)",31.184,2012
IND,India,24006,"Population with at least some secondary education, male (% ages 25 and older)",59.012,2012
IND,India,24106,"Mean years of schooling, female (years)",4.156,2012
IND,India,24206,"Mean years of schooling, male (years)",7.558,2012
IND,India,27706,"Carbon dioxide emissions, per capita (tonnes)",1.598098637,2012
IND,India,31706,Share of seats in parliament (% held by women),10.88607595,2012
IND,India,36806,"Adolescent birth rate (births per 1,000 women ages 15-19)",33.173,2012
IND,India,43006,Vulnerable employment (% of total employment),79.2,2012
IND,India,43606,"Internet users, total (% of population)",12.58006091,2012
IND,India,44206,Total population (millions),1263.065852,2012
IND,India,45106,Urban population (%),31.6,2012
IND,India,46006,Mobile phone subscriptions (per 100 people),68.4621,2012
IND,India,48706,"Labour force participation rate (% ages 15 and older), female",26.8,2012
IND,India,48806,"Labour force participation rate (% ages 15 and older), male",79.5,2012
IND,India,52606,"Remittances, inflows (% of GDP)",3.76554,2012
IND,India,53506,"Foreign direct investment, net inflows (% of GDP)",1.31293,2012
IND,India,57206,"Mortality rate, infant (per 1,000 live births)",41.6,2012
IND,India,57506,"Mortality rate, under-five (per 1,000 live births)",53,2012
IND,India,57806,"Mortality rate, female adult (per 1,000 people)",148.825,2012
IND,India,57906,"Mortality rate, male adult (per 1,000 people)",221.719,2012
IND,India,58006,"HIV prevalence, adult (% ages 15-49)",0.3,2012
IND,India,61006,"Homicide rate (per 100,000 people)",3.7589,2012
IND,India,63106,Population ages 15–64 (millions),816.655,2012
IND,India,63206,"Gross enrolment ratio, primary (% of primary school-age population)",109.7727,2012
IND,India,63306,"Gross enrolment ratio, secondary (% of secondary school-age population)",69.18344,2012
IND,India,63406,"Gross enrolment ratio, tertiary (% of tertiary school-age population)",24.37172,2012
IND,India,64306,"Infants lacking immunization, measles (% of one-year-olds)",17,2012
IND,India,64406,"Infants lacking immunization, DPT (% of one-year-olds)",11,2012
IND,India,65606,Gross fixed capital formation (% of GDP),33.43693433,2012
IND,India,68606,Gender Inequality Index (GII),0.567337777,2012
IND,India,69206,Life expectancy at birth (years),67.377,2012
IND,India,69706,Expected years of schooling (years),11.54122,2012
IND,India,71406,Inequality-adjusted education index,0.291848428,2012
IND,India,71506,Inequality-adjusted life expectancy index,0.531351277,2012
IND,India,71606,Inequality-adjusted income index,0.491593312,2012
IND,India,73506,Overall loss in HDI due to inequality (%),29.28893672,2012
IND,India,89006,"Maternal mortality ratio (deaths per 100,000 live births)",197,2012
IND,India,99106,Net official development assistance received (% of GNI),0.093117,2012
IND,India,100806,Forest area (% of total land area),23.59311043,2012
IND,India,101606,Inequality in education (%),42.4,2012
IND,India,101706,Inequality in income (%),15.8,2012
IND,India,101806,Inequality in life expectancy (%),27.1,2012
IND,India,103006,Mean years of schooling (years),5.58275564,2012
IND,India,103206,Life expectancy index,0.728876923,2012
IND,India,103606,Income index,0.583840039,2012
IND,India,103706,Education index,0.506681299,2012
IND,India,110906,"Unemployment, youth (% ages 15–24)",10.6,2012
IND,India,111106,International inbound tourists (thousands),6578,2012
IND,India,111306,Private capital flows (% of GDP),-2.447295,2012
IND,India,120606,"Life expectancy at birth, female (years)",68.783,2012
IND,India,121106,"Life expectancy at birth, male (years)",66.083,2012
IND,India,121206,Young age (0-14) dependency ratio (per 100 people ages 15-64),46.472,2012
IND,India,122006,Old-age (65 and older) dependency ratio (per 100 people ages 15-64),8.192,2012
IND,India,123306,"Expected years of schooling, female (years)",11.4232,2012
IND,India,123406,"Expected years of schooling, male (years)",11.3223,2012
IND,India,123506,"Estimated gross national income per capita, female (2011 PPP $)",2007.392832,2012
IND,India,123606,"Estimated gross national income per capita, male (2011 PPP $)",7335.644637,2012
IND,India,127606,Domestic credit provided by financial sector (% of GDP),77.17947471,2012
IND,India,132706,Population ages 65 and older (millions),66.89855,2012
IND,India,132806,Population under age 5 (millions),126.131,2012
IND,India,133006,"Gross enrolment ratio, pre-primary (% of preschool-age children)",7.88353,2012
IND,India,133206,Exports and imports (% of GDP),55.7937,2012
IND,India,135006,Coefficient of human inequality,28.43333333,2012
IND,India,136706,GDP per capita (2011 PPP $),4827.559656,2012
IND,India,136906,"Human Development Index (HDI), female",0.527837034,2012
IND,India,137006,"Human Development Index (HDI), male",0.650059808,2012
IND,India,137506,Human Development Index (HDI),0.599645138,2012
IND,India,137906,Gender Development Index (GDI),0.811982263,2012
IND,India,138806,Inequality-adjusted HDI (IHDI),0.424015453,2012
IND,India,140606,"Unemployment, total (% of labour force)",3.6,2012
IND,India,141706,Gross national income (GNI) per capita (2011 PPP $),4770.631582,2012
IND,India,143306,"Gross domestic product (GDP), total (2011 PPP $ billions)",6097.52575,2012
IND,India,147206,International student mobility (% of total tertiary enrolment),-0.57324,2012
IND,India,147906,Youth not in school or employment (% ages 15-24),27.5,2012
IND,India,148206,Labour force participation rate (% ages 15 and older),54,2012
IND,India,148306,Employment to population ratio (% ages 15 and older),52,2012
IND,India,149206,Government expenditure on education (% of GDP),3.867500067,2012
IND,India,150606,Employment in agriculture (% of total employment),47,2012
IND,India,150706,Employment in services (% of total employment),28.6,2012
IND,India,153706,Working poor at PPP$3.10 a day (% of total employment),53.5,2012
IND,India,163906,Renewable energy consumption (% of total final energy consumption),38.39089015,2012
IND,India,164406,Adjusted net savings (% of GNI),20.64763312,2012
IND,India,169706,Total unemployment rate (female to male ratio),1.235294118,2012
IND,India,169806,Youth unemployment rate (female to male ratio),1.029126214,2012
IND,India,170006,Concentration index (exports) (value),0.172560829,2012
IND,India,174206,"Total debt service (% of exports of goods, services and primary income)",6.702658276,2012
IND,India,174306,Fossil fuel energy consumption (% of total energy consumption),72.41907946,2012
IND,India,174406,Carbon dioxide emissions (kg per 2011 PPP $ of GDP),0.331036538,2012
IND,India,175106,"Share of employment in nonagriculture, female (% of total employment in nonagriculture)",18.21,2012
IND,India,178306,Gross capital formation (% of GDP),38.34741567,2012
IND,India,179406,Skilled labour force (% of labour force),18.5,2012
IND,India,179706,Ratio of education and health expenditure to military expenditure,2.8360226,2012
IND,India,181706,Rural population with access to electricity (%),72.7,2012
IND,India,181806,Current health expenditure (% of GDP),3.32847,2012
IND,India,182206,"Tuberculosis incidence (per 100,000 people)",234,2012
IND,India,23806,Population with at least some secondary education (% ages 25 and older),43.744,2011
IND,India,23906,"Population with at least some secondary education, female (% ages 25 and older)",29.112,2011
IND,India,24006,"Population with at least some secondary education, male (% ages 25 and older)",57.816,2011
IND,India,24106,"Mean years of schooling, female (years)",3.858,2011
IND,India,24206,"Mean years of schooling, male (years)",7.354,2011
IND,India,27706,"Carbon dioxide emissions, per capita (tonnes)",1.47668635,2011
IND,India,31706,Share of seats in parliament (% held by women),10.91370558,2011
IND,India,36806,"Adolescent birth rate (births per 1,000 women ages 15-19)",35.3215,2011
IND,India,43006,Vulnerable employment (% of total employment),79.4,2011
IND,India,43606,"Internet users, total (% of population)",10.07,2011
IND,India,44206,Total population (millions),1247.236029,2011
IND,India,45106,Urban population (%),31.3,2011
IND,India,46006,Mobile phone subscriptions (per 100 people),71.6675,2011
IND,India,46206,"Pupil-teacher ratio, primary school (pupils per teacher)",35.15463,2011
IND,India,48706,"Labour force participation rate (% ages 15 and older), female",27.7,2011
IND,India,48806,"Labour force participation rate (% ages 15 and older), male",80,2011
IND,India,52306,Research and development expenditure (% of GDP),0.8309,2011
IND,India,52606,"Remittances, inflows (% of GDP)",3.42827,2011
IND,India,53506,"Foreign direct investment, net inflows (% of GDP)",2.00207,2011
IND,India,57206,"Mortality rate, infant (per 1,000 live births)",43.5,2011
IND,India,57506,"Mortality rate, under-five (per 1,000 live births)",55.9,2011
IND,India,57806,"Mortality rate, female adult (per 1,000 people)",153.377,2011
IND,India,57906,"Mortality rate, male adult (per 1,000 people)",223.488,2011
IND,India,58006,"HIV prevalence, adult (% ages 15-49)",0.3,2011
IND,India,61006,"Homicide rate (per 100,000 people)",3.8196,2011
IND,India,63106,Population ages 15–64 (millions),802.018,2011
IND,India,63206,"Gross enrolment ratio, primary (% of primary school-age population)",108.38264,2011
IND,India,63306,"Gross enrolment ratio, secondary (% of secondary school-age population)",66.43485,2011
IND,India,63406,"Gross enrolment ratio, tertiary (% of tertiary school-age population)",22.86528,2011
IND,India,64306,"Infants lacking immunization, measles (% of one-year-olds)",16,2011
IND,India,64406,"Infants lacking immunization, DPT (% of one-year-olds)",11,2011
IND,India,65606,Gross fixed capital formation (% of GDP),34.31341623,2011
IND,India,68606,Gender Inequality Index (GII),0.573571047,2011
IND,India,69206,Life expectancy at birth (years),67.013,2011
IND,India,69706,Expected years of schooling (years),11.31447,2011
IND,India,71406,Inequality-adjusted education index,0.293592321,2011
IND,India,71506,Inequality-adjusted life expectancy index,0.527268877,2011
IND,India,71606,Inequality-adjusted income index,0.493185543,2011
IND,India,73506,Overall loss in HDI due to inequality (%),28.25014934,2011
IND,India,89006,"Maternal mortality ratio (deaths per 100,000 live births)",206,2011
IND,India,99106,Net official development assistance received (% of GNI),0.180973,2011
IND,India,100806,Forest area (% of total land area),23.53310754,2011
IND,India,101406,"Literacy rate, adult (% ages 15 and older)",69.30256,2011
IND,India,101606,Inequality in education (%),40.6,2011
IND,India,101706,Inequality in income (%),14.7,2011
IND,India,101806,Inequality in life expectancy (%),27.1,2011
IND,India,103006,Mean years of schooling (years),5.39917,2011
IND,India,103206,Life expectancy index,0.723276923,2011
IND,India,103606,Income index,0.578177659,2011
IND,India,103706,Education index,0.494263167,2011
IND,India,110906,"Unemployment, youth (% ages 15–24)",10.3,2011
IND,India,111106,International inbound tourists (thousands),6309,2011
IND,India,111306,Private capital flows (% of GDP),-1.456651,2011
IND,India,120606,"Life expectancy at birth, female (years)",68.327,2011
IND,India,121106,"Life expectancy at birth, male (years)",65.798,2011
IND,India,121206,Young age (0-14) dependency ratio (per 100 people ages 15-64),47.416,2011
IND,India,122006,Old-age (65 and older) dependency ratio (per 100 people ages 15-64),8.096,2011
IND,India,123306,"Expected years of schooling, female (years)",10.9829,2011
IND,India,123406,"Expected years of schooling, male (years)",11.3685,2011
IND,India,123506,"Estimated gross national income per capita, female (2011 PPP $)",1972.555021,2011
IND,India,123606,"Estimated gross national income per capita, male (2011 PPP $)",7029.049364,2011
IND,India,127606,Domestic credit provided by financial sector (% of GDP),76.14591001,2011
IND,India,132706,Population ages 65 and older (millions),64.93071,2011
IND,India,132806,Population under age 5 (millions),127.637,2011
IND,India,133006,"Gross enrolment ratio, pre-primary (% of preschool-age children)",7.69321,2011
IND,India,133206,Exports and imports (% of GDP),55.6239,2011
IND,India,135006,Coefficient of human inequality,27.46666667,2011
IND,India,136706,GDP per capita (2011 PPP $),4635.879137,2011
IND,India,136906,"Human Development Index (HDI), female",0.516420513,2011
IND,India,137006,"Human Development Index (HDI), male",0.644523398,2011
IND,India,137506,Human Development Index (HDI),0.591254856,2011
IND,India,137906,Gender Development Index (GDI),0.801244012,2011
IND,India,138806,Inequality-adjusted HDI (IHDI),0.424224476,2011
IND,India,140606,"Unemployment, total (% of labour force)",3.5,2011
IND,India,141706,Gross national income (GNI) per capita (2011 PPP $),4595.112953,2011
IND,India,143306,"Gross domestic product (GDP), total (2011 PPP $ billions)",5782.035485,2011
IND,India,147206,International student mobility (% of total tertiary enrolment),-0.66834,2011
IND,India,148206,Labour force participation rate (% ages 15 and older),54.6,2011
IND,India,148306,Employment to population ratio (% ages 15 and older),52.7,2011
IND,India,149206,Government expenditure on education (% of GDP),3.839720011,2011
IND,India,150606,Employment in agriculture (% of total employment),48.8,2011
IND,India,150706,Employment in services (% of total employment),27.8,2011
IND,India,153706,Working poor at PPP$3.10 a day (% of total employment),59.7,2011
IND,India,163906,Renewable energy consumption (% of total final energy consumption),38.93174021,2011
IND,India,164406,Adjusted net savings (% of GNI),22.0223451,2011
IND,India,169706,Total unemployment rate (female to male ratio),1.303030303,2011
IND,India,169806,Youth unemployment rate (female to male ratio),1.04040404,2011
IND,India,170006,Concentration index (exports) (value),0.182573565,2011
IND,India,174206,"Total debt service (% of exports of goods, services and primary income)",6.413868367,2011
IND,India,174306,Fossil fuel energy consumption (% of total energy consumption),71.4717185,2011
IND,India,174406,Carbon dioxide emissions (kg per 2011 PPP $ of GDP),0.318534264,2011
IND,India,175106,"Share of employment in nonagriculture, female (% of total employment in nonagriculture)",17.67,2011
IND,India,175706,Women with account at financial institution or with mobile money-service provider (% of female population ages 15 and older),26.4905014,2011
IND,India,178306,Gross capital formation (% of GDP),39.59042144,2011
IND,India,179706,Ratio of education and health expenditure to military expenditure,2.672516627,2011
IND,India,181206,Proportion of births attended by skilled health personnel (%),66.6,2011
IND,India,181706,Rural population with access to electricity (%),55.8,2011
IND,India,181806,Current health expenditure (% of GDP),3.24645,2011
IND,India,182206,"Tuberculosis incidence (per 100,000 people)",241,2011
IND,India,23806,Population with at least some secondary education (% ages 25 and older),42.08,2010
IND,India,23906,"Population with at least some secondary education, female (% ages 25 and older)",27.04,2010
IND,India,24006,"Population with at least some secondary education, male (% ages 25 and older)",56.62,2010
IND,India,24106,"Mean years of schooling, female (years)",3.56,2010
IND,India,24206,"Mean years of schooling, male (years)",7.15,2010
IND,India,27706,"Carbon dioxide emissions, per capita (tonnes)",1.397008906,2010
IND,India,31706,Share of seats in parliament (% held by women),10.67344346,2010
IND,India,36806,"Adolescent birth rate (births per 1,000 women ages 15-19)",37.47,2010
IND,India,43006,Vulnerable employment (% of total employment),82.2,2010
IND,India,43606,"Internet users, total (% of population)",7.5,2010
IND,India,44206,Total population (millions),1230.980691,2010
IND,India,45106,Urban population (%),30.9,2010
IND,India,46006,Mobile phone subscriptions (per 100 people),61.1049,2010
IND,India,47906,Median age (years),25.074,2010
IND,India,48706,"Labour force participation rate (% ages 15 and older), female",28.6,2010
IND,India,48806,"Labour force participation rate (% ages 15 and older), male",80.5,2010
IND,India,49006,Sex ratio at birth (male to female births),1.11,2010
IND,India,52306,Research and development expenditure (% of GDP),0.8219,2010
IND,India,52606,"Remittances, inflows (% of GDP)",3.22826,2010
IND,India,53506,"Foreign direct investment, net inflows (% of GDP)",1.65378,2010
IND,India,57206,"Mortality rate, infant (per 1,000 live births)",45.5,2010
IND,India,57506,"Mortality rate, under-five (per 1,000 live births)",58.8,2010
IND,India,57806,"Mortality rate, female adult (per 1,000 people)",157.929,2010
IND,India,57906,"Mortality rate, male adult (per 1,000 people)",225.258,2010
IND,India,58006,"HIV prevalence, adult (% ages 15-49)",0.3,2010
IND,India,61006,"Homicide rate (per 100,000 people)",3.7742,2010
IND,India,63106,Population ages 15–64 (millions),787.765,2010
IND,India,63206,"Gross enrolment ratio, primary (% of primary school-age population)",109.1993,2010
IND,India,63306,"Gross enrolment ratio, secondary (% of secondary school-age population)",63.30534,2010
IND,India,63406,"Gross enrolment ratio, tertiary (% of tertiary school-age population)",17.91488,2010
IND,India,64306,"Infants lacking immunization, measles (% of one-year-olds)",18,2010
IND,India,64406,"Infants lacking immunization, DPT (% of one-year-olds)",14,2010
IND,India,65606,Gross fixed capital formation (% of GDP),33.41391599,2010
IND,India,68606,Gender Inequality Index (GII),0.581071536,2010
IND,India,69206,Life expectancy at birth (years),66.625,2010
IND,India,69706,Expected years of schooling (years),10.75616,2010
IND,India,71406,Inequality-adjusted education index,0.28419864,2010
IND,India,71506,Inequality-adjusted life expectancy index,0.492790385,2010
IND,India,71606,Inequality-adjusted income index,0.486334318,2010
IND,India,73506,Overall loss in HDI due to inequality (%),29.65540433,2010
IND,India,89006,"Maternal mortality ratio (deaths per 100,000 live births)",215,2010
IND,India,97106,Fresh water withdrawals (% of total renewable water resources),33.88,2010
IND,India,99106,Net official development assistance received (% of GNI),0.172783,2010
IND,India,100806,Forest area (% of total land area),23.47310465,2010
IND,India,101606,Inequality in education (%),40.6,2010
IND,India,101706,Inequality in income (%),14.7,2010
IND,India,101806,Inequality in life expectancy (%),31.3,2010
IND,India,103006,Mean years of schooling (years),5.39,2010
IND,India,103206,Life expectancy index,0.717307692,2010
IND,India,103606,Income index,0.570145742,2010
IND,India,103706,Education index,0.478448889,2010
IND,India,110806,"Net migration rate (per 1,000 people)",-0.491,2010
IND,India,110906,"Unemployment, youth (% ages 15–24)",10.2,2010
IND,India,111106,International inbound tourists (thousands),5776,2010
IND,India,111306,Private capital flows (% of GDP),-2.915837,2010
IND,India,112506,"Suicide rate, male (per 100,000 people)",19.5,2010
IND,India,112606,"Suicide rate, female (per 100,000 people)",16,2010
IND,India,120606,"Life expectancy at birth, female (years)",67.84,2010
IND,India,121106,"Life expectancy at birth, male (years)",65.497,2010
IND,India,121206,Young age (0-14) dependency ratio (per 100 people ages 15-64),48.273,2010
IND,India,122006,Old-age (65 and older) dependency ratio (per 100 people ages 15-64),7.99,2010
IND,India,123306,"Expected years of schooling, female (years)",10.4984,2010
IND,India,123406,"Expected years of schooling, male (years)",10.9917,2010
IND,India,123506,"Estimated gross national income per capita, female (2011 PPP $)",1908.963779,2010
IND,India,123606,"Estimated gross national income per capita, male (2011 PPP $)",6629.120404,2010
IND,India,127606,Domestic credit provided by financial sector (% of GDP),74.25675404,2010
IND,India,132706,Population ages 65 and older (millions),62.94095,2010
IND,India,132806,Population under age 5 (millions),128.485,2010
IND,India,133006,"Gross enrolment ratio, pre-primary (% of preschool-age children)",7.20114,2010
IND,India,133206,Exports and imports (% of GDP),49.6889,2010
IND,India,135006,Coefficient of human inequality,28.86666667,2010
IND,India,136706,GDP per capita (2011 PPP $),4404.697005,2010
IND,India,136906,"Human Development Index (HDI), female",0.503304078,2010
IND,India,137006,"Human Development Index (HDI), male",0.633577066,2010
IND,India,137506,Human Development Index (HDI),0.58055358,2010
IND,India,137906,Gender Development Index (GDI),0.794384937,2010
IND,India,138806,Inequality-adjusted HDI (IHDI),0.408388069,2010
IND,India,140606,"Unemployment, total (% of labour force)",3.5,2010
IND,India,141706,Gross national income (GNI) per capita (2011 PPP $),4357.164293,2010
IND,India,143306,"Gross domestic product (GDP), total (2011 PPP $ billions)",5422.096963,2010
IND,India,147906,Youth not in school or employment (% ages 15-24),27.86,2010
IND,India,148206,Labour force participation rate (% ages 15 and older),55.3,2010
IND,India,148306,Employment to population ratio (% ages 15 and older),53.4,2010
IND,India,149206,Government expenditure on education (% of GDP),3.42347002,2010
IND,India,150606,Employment in agriculture (% of total employment),51.5,2010
IND,India,150706,Employment in services (% of total employment),26.7,2010
IND,India,153706,Working poor at PPP$3.10 a day (% of total employment),65.9,2010
IND,India,163906,Renewable energy consumption (% of total final energy consumption),39.48150873,2010
IND,India,164406,Adjusted net savings (% of GNI),25.10347194,2010
IND,India,169706,Total unemployment rate (female to male ratio),1.333333333,2010
IND,India,169806,Youth unemployment rate (female to male ratio),1.040816327,2010
IND,India,170006,Concentration index (exports) (value),0.16437314,2010
IND,India,174206,"Total debt service (% of exports of goods, services and primary income)",6.819232326,2010
IND,India,174306,Fossil fuel energy consumption (% of total energy consumption),71.40469516,2010
IND,India,174406,Carbon dioxide emissions (kg per 2011 PPP $ of GDP),0.317163452,2010
IND,India,175106,"Share of employment in nonagriculture, female (% of total employment in nonagriculture)",17.02,2010
IND,India,177106,Population using improved drinking-water sources (%),85.26291161,2010
IND,India,177206,Population using improved sanitation facilities (%),36.71541192,2010
IND,India,177706,Survival rate to the last grade of lower secondary general education (%),97.01278,2010
IND,India,178306,Gross capital formation (% of GDP),40.68154908,2010
IND,India,179406,Skilled labour force (% of labour force),16.5,2010
IND,India,179706,Ratio of education and health expenditure to military expenditure,2.397968382,2010
IND,India,181206,Proportion of births attended by skilled health personnel (%),60.5,2010
IND,India,181706,Rural population with access to electricity (%),65.7,2010
IND,India,181806,Current health expenditure (% of GDP),3.27212,2010
IND,India,182106,"Malaria incidence (per 1,000 people at risk)",32.462,2010
IND,India,182206,"Tuberculosis incidence (per 100,000 people)",247,2010
IND,India,69206,Life expectancy at birth (years),66.219,2009
IND,India,69706,Expected years of schooling (years),10.44186,2009
IND,India,103006,Mean years of schooling (years),5.276,2009
IND,India,103206,Life expectancy index,0.711061538,2009
IND,India,103606,Income index,0.558197684,2009
IND,India,103706,Education index,0.465918333,2009
IND,India,137506,Human Development Index (HDI),0.569729017,2009
IND,India,141706,Gross national income (GNI) per capita (2011 PPP $),4025.803188,2009
IND,India,69206,Life expectancy at birth (years),65.802,2008
IND,India,69706,Expected years of schooling (years),10.50854,2008
IND,India,103006,Mean years of schooling (years),5.162,2008
IND,India,103206,Life expectancy index,0.704646154,2008
IND,India,103606,Income index,0.548051079,2008
IND,India,103706,Education index,0.463970556,2008
IND,India,137506,Human Development Index (HDI),0.5637599,2008
IND,India,141706,Gross national income (GNI) per capita (2011 PPP $),3764.267074,2008
IND,India,69206,Life expectancy at birth (years),65.383,2007
IND,India,69706,Expected years of schooling (years),10.20629,2007
IND,India,103006,Mean years of schooling (years),5.048,2007
IND,India,103206,Life expectancy index,0.6982,2007
IND,India,103606,Income index,0.544781113,2007
IND,India,103706,Education index,0.451774722,2007
IND,India,137506,Human Development Index (HDI),0.555957088,2007
IND,India,141706,Gross national income (GNI) per capita (2011 PPP $),3683.656063,2007
IND,India,69206,Life expectancy at birth (years),64.966,2006
IND,India,69706,Expected years of schooling (years),9.94095,2006
IND,India,103006,Mean years of schooling (years),4.934,2006
IND,India,103206,Life expectancy index,0.691784615,2006
IND,India,103606,Income index,0.5324008,2006
IND,India,103706,Education index,0.440604167,2006
IND,India,137506,Human Development Index (HDI),0.54544722,2006
IND,India,141706,Gross national income (GNI) per capita (2011 PPP $),3393.789608,2006
IND,India,23806,Population with at least some secondary education (% ages 25 and older),37.4,2005
IND,India,23906,"Population with at least some secondary education, female (% ages 25 and older)",21.82,2005
IND,India,24006,"Population with at least some secondary education, male (% ages 25 and older)",52.35,2005
IND,India,24106,"Mean years of schooling, female (years)",2.9,2005
IND,India,24206,"Mean years of schooling, male (years)",6.64,2005
IND,India,27706,"Carbon dioxide emissions, per capita (tonnes)",1.068563218,2005
IND,India,31706,Share of seats in parliament (% held by women),9.299363057,2005
IND,India,36806,"Adolescent birth rate (births per 1,000 women ages 15-19)",60.159,2005
IND,India,43006,Vulnerable employment (% of total employment),85.6,2005
IND,India,43606,"Internet users, total (% of population)",2.388075,2005
IND,India,44206,Total population (millions),1144.118674,2005
IND,India,45106,Urban population (%),29.2,2005
IND,India,46006,Mobile phone subscriptions (per 100 people),7.87855,2005
IND,India,47906,Median age (years),23.782,2005
IND,India,48706,"Labour force participation rate (% ages 15 and older), female",36.8,2005
IND,India,48806,"Labour force participation rate (% ages 15 and older), male",83.1,2005
IND,India,49006,Sex ratio at birth (male to female births),1.11,2005
IND,India,52306,Research and development expenditure (% of GDP),0.81118,2005
IND,India,52606,"Remittances, inflows (% of GDP)",2.7352,2005
IND,India,53506,"Foreign direct investment, net inflows (% of GDP)",0.898677,2005
IND,India,57206,"Mortality rate, infant (per 1,000 live births)",55.7,2005
IND,India,57506,"Mortality rate, under-five (per 1,000 live births)",74.4,2005
IND,India,57806,"Mortality rate, female adult (per 1,000 people)",178.003,2005
IND,India,57906,"Mortality rate, male adult (per 1,000 people)",236.373,2005
IND,India,58006,"HIV prevalence, adult (% ages 15-49)",0.4,2005
IND,India,61006,"Homicide rate (per 100,000 people)",3.9415,2005
IND,India,63106,Population ages 15–64 (millions),714.451,2005
IND,India,63306,"Gross enrolment ratio, secondary (% of secondary school-age population)",54.18254,2005
IND,India,63406,"Gross enrolment ratio, tertiary (% of tertiary school-age population)",10.73248,2005
IND,India,64306,"Infants lacking immunization, measles (% of one-year-olds)",32,2005
IND,India,64406,"Infants lacking immunization, DPT (% of one-year-olds)",18,2005
IND,India,65606,Gross fixed capital formation (% of GDP),32.77605644,2005
IND,India,68606,Gender Inequality Index (GII),0.61884254,2005
IND,India,69206,Life expectancy at birth (years),64.556,2005
IND,India,69706,Expected years of schooling (years),9.67763,2005
IND,India,89006,"Maternal mortality ratio (deaths per 100,000 live births)",280,2005
IND,India,99106,Net official development assistance received (% of GNI),0.233618,2005
IND,India,100806,Forest area (% of total land area),22.77318301,2005
IND,India,103006,Mean years of schooling (years),4.82,2005
IND,India,103206,Life expectancy index,0.685476923,2005
IND,India,103606,Income index,0.521462387,2005
IND,India,103706,Education index,0.429489722,2005
IND,India,110806,"Net migration rate (per 1,000 people)",-0.355,2005
IND,India,110906,"Unemployment, youth (% ages 15–24)",9.9,2005
IND,India,111106,International inbound tourists (thousands),3919,2005
IND,India,111306,Private capital flows (% of GDP),-2.073525,2005
IND,India,112506,"Suicide rate, male (per 100,000 people)",20.3,2005
IND,India,112606,"Suicide rate, female (per 100,000 people)",16.6,2005
IND,India,120606,"Life expectancy at birth, female (years)",65.438,2005
IND,India,121106,"Life expectancy at birth, male (years)",63.724,2005
IND,India,121206,Young age (0-14) dependency ratio (per 100 people ages 15-64),52.504,2005
IND,India,122006,Old-age (65 and older) dependency ratio (per 100 people ages 15-64),7.636,2005
IND,India,123306,"Expected years of schooling, female (years)",9.1391,2005
IND,India,123406,"Expected years of schooling, male (years)",10.1718,2005
IND,India,123506,"Estimated gross national income per capita, female (2011 PPP $)",1562.682883,2005
IND,India,123606,"Estimated gross national income per capita, male (2011 PPP $)",4637.858302,2005
IND,India,127606,Domestic credit provided by financial sector (% of GDP),60.18812417,2005
IND,India,132706,Population ages 65 and older (millions),54.55353,2005
IND,India,132806,Population under age 5 (millions),129.579,2005
IND,India,133006,"Gross enrolment ratio, pre-primary (% of preschool-age children)",6.21804,2005
IND,India,133206,Exports and imports (% of GDP),42.4853,2005
IND,India,136706,GDP per capita (2011 PPP $),3178.828724,2005
IND,India,136906,"Human Development Index (HDI), female",0.458129433,2005
IND,India,137006,"Human Development Index (HDI), male",0.592195272,2005
IND,India,137506,Human Development Index (HDI),0.535454863,2005
IND,India,137906,Gender Development Index (GDI),0.773612108,2005
IND,India,140606,"Unemployment, total (% of labour force)",4.4,2005
IND,India,141706,Gross national income (GNI) per capita (2011 PPP $),3156.7218,2005
IND,India,143306,"Gross domestic product (GDP), total (2011 PPP $ billions)",3636.957304,2005
IND,India,147206,International student mobility (% of total tertiary enrolment),-1.15195,2005
IND,India,147906,Youth not in school or employment (% ages 15-24),30.43,2005
IND,India,148206,Labour force participation rate (% ages 15 and older),60.6,2005
IND,India,148306,Employment to population ratio (% ages 15 and older),58,2005
IND,India,149206,Government expenditure on education (% of GDP),3.231869936,2005
IND,India,150606,Employment in agriculture (% of total employment),56,2005
IND,India,150706,Employment in services (% of total employment),25.2,2005
IND,India,153706,Working poor at PPP$3.10 a day (% of total employment),71.8,2005
IND,India,163906,Renewable energy consumption (% of total final energy consumption),48.57530875,2005
IND,India,164406,Adjusted net savings (% of GNI),25.28024792,2005
IND,India,169706,Total unemployment rate (female to male ratio),1.219512195,2005
IND,India,169806,Youth unemployment rate (female to male ratio),1.020618557,2005
IND,India,174206,"Total debt service (% of exports of goods, services and primary income)",14.93022611,2005
IND,India,174306,Fossil fuel energy consumption (% of total energy consumption),65.98980361,2005
IND,India,174406,Carbon dioxide emissions (kg per 2011 PPP $ of GDP),0.336149982,2005
IND,India,175106,"Share of employment in nonagriculture, female (% of total employment in nonagriculture)",19.49,2005
IND,India,175506,"Contraceptive prevalence, any method (% of married or in-union women of reproductive age, 15–49 years)",54.4,2005
IND,India,177106,Population using improved drinking-water sources (%),82.87767452,2005
IND,India,177206,Population using improved sanitation facilities (%),29.22020202,2005
IND,India,178306,Gross capital formation (% of GDP),38.61619172,2005
IND,India,179406,Skilled labour force (% of labour force),13.2,2005
IND,India,179706,Ratio of education and health expenditure to military expenditure,2.471923621,2005
IND,India,181206,Proportion of births attended by skilled health personnel (%),34.5,2005
IND,India,181706,Rural population with access to electricity (%),56.7675291,2005
IND,India,181806,Current health expenditure (% of GDP),3.79116,2005
IND,India,182106,"Malaria incidence (per 1,000 people at risk)",42.079,2005
IND,India,182206,"Tuberculosis incidence (per 100,000 people)",279,2005
IND,India,69206,Life expectancy at birth (years),64.154,2004
IND,India,69706,Expected years of schooling (years),9.4143,2004
IND,India,103006,Mean years of schooling (years),4.738,2004
IND,India,103206,Life expectancy index,0.679292308,2004
IND,India,103606,Income index,0.510476079,2004
IND,India,103706,Education index,0.419441667,2004
IND,India,137506,Human Development Index (HDI),0.525897639,2004
IND,India,141706,Gross national income (GNI) per capita (2011 PPP $),2935.28315,2004
IND,India,69206,Life expectancy at birth (years),63.759,2003
IND,India,69706,Expected years of schooling (years),9.15097,2003
IND,India,103006,Mean years of schooling (years),4.656,2003
IND,India,103206,Life expectancy index,0.673215385,2003
IND,India,103606,Income index,0.501359789,2003
IND,India,103706,Education index,0.409393611,2003
IND,India,137506,Human Development Index (HDI),0.516989272,2003
IND,India,141706,Gross national income (GNI) per capita (2011 PPP $),2763.376817,2003
IND,India,69206,Life expectancy at birth (years),63.368,2002
IND,India,69706,Expected years of schooling (years),8.55608,2002
IND,India,103006,Mean years of schooling (years),4.574,2002
IND,India,103206,Life expectancy index,0.6672,2002
IND,India,103606,Income index,0.492538363,2002
IND,India,103706,Education index,0.390135556,2002
IND,India,137506,Human Development Index (HDI),0.504239903,2002
IND,India,141706,Gross national income (GNI) per capita (2011 PPP $),2606.621471,2002
IND,India,69206,Life expectancy at birth (years),62.977,2001
IND,India,69706,Expected years of schooling (years),8.3659,2001
IND,India,103006,Mean years of schooling (years),4.492,2001
IND,India,103206,Life expectancy index,0.661184615,2001
IND,India,103606,Income index,0.489186929,2001
IND,India,103706,Education index,0.382119444,2001
IND,India,137506,Human Development Index (HDI),0.498118006,2001
IND,India,141706,Gross national income (GNI) per capita (2011 PPP $),2549.42588,2001
IND,India,23806,Population with at least some secondary education (% ages 25 and older),30.4,2000
IND,India,23906,"Population with at least some secondary education, female (% ages 25 and older)",23.5,2000
IND,India,24006,"Population with at least some secondary education, male (% ages 25 and older)",48.6,2000
IND,India,24106,"Mean years of schooling, female (years)",3.2,2000
IND,India,24206,"Mean years of schooling, male (years)",6.2,2000
IND,India,27706,"Carbon dioxide emissions, per capita (tonnes)",0.979870442,2000
IND,India,36806,"Adolescent birth rate (births per 1,000 women ages 15-19)",76.854,2000
IND,India,43006,Vulnerable employment (% of total employment),83.8,2000
IND,India,43606,"Internet users, total (% of population)",0.52753245,2000
IND,India,44206,Total population (millions),1053.050912,2000
IND,India,45106,Urban population (%),27.7,2000
IND,India,46006,Mobile phone subscriptions (per 100 people),0.339689,2000
IND,India,46106,Primary school dropout rate (% of primary school cohort),40.99366,2000
IND,India,46206,"Pupil-teacher ratio, primary school (pupils per teacher)",39.99999,2000
IND,India,47906,Median age (years),22.718,2000
IND,India,48706,"Labour force participation rate (% ages 15 and older), female",34,2000
IND,India,48806,"Labour force participation rate (% ages 15 and older), male",82.6,2000
IND,India,49006,Sex ratio at birth (male to female births),1.1,2000
IND,India,52306,Research and development expenditure (% of GDP),0.74306,2000
IND,India,52606,"Remittances, inflows (% of GDP)",2.78774,2000
IND,India,53506,"Foreign direct investment, net inflows (% of GDP)",0.775558,2000
IND,India,57206,"Mortality rate, infant (per 1,000 live births)",66.6,2000
IND,India,57506,"Mortality rate, under-five (per 1,000 live births)",91.5,2000
IND,India,57806,"Mortality rate, female adult (per 1,000 people)",193.149,2000
IND,India,57906,"Mortality rate, male adult (per 1,000 people)",250.112,2000
IND,India,58006,"HIV prevalence, adult (% ages 15-49)",0.4,2000
IND,India,61006,"Homicide rate (per 100,000 people)",4.8757,2000
IND,India,63106,Population ages 15–64 (millions),640.951,2000
IND,India,63206,"Gross enrolment ratio, primary (% of primary school-age population)",94.62191,2000
IND,India,63306,"Gross enrolment ratio, secondary (% of secondary school-age population)",45.08434,2000
IND,India,63406,"Gross enrolment ratio, tertiary (% of tertiary school-age population)",9.55203,2000
IND,India,64306,"Infants lacking immunization, measles (% of one-year-olds)",44,2000
IND,India,64406,"Infants lacking immunization, DPT (% of one-year-olds)",26,2000
IND,India,65606,Gross fixed capital formation (% of GDP),24.57448649,2000
IND,India,69206,Life expectancy at birth (years),62.582,2000
IND,India,69706,Expected years of schooling (years),8.33735,2000
IND,India,89006,"Maternal mortality ratio (deaths per 100,000 live births)",374,2000
IND,India,97106,Fresh water withdrawals (% of total renewable water resources),31.94,2000
IND,India,99106,Net official development assistance received (% of GNI),0.302604,2000
IND,India,100806,Forest area (% of total land area),21.99321268,2000
IND,India,103006,Mean years of schooling (years),4.41,2000
IND,India,103206,Life expectancy index,0.655107692,2000
IND,India,103606,Income index,0.484411409,2000
IND,India,103706,Education index,0.378593056,2000
IND,India,110806,"Net migration rate (per 1,000 people)",-0.142,2000
IND,India,110906,"Unemployment, youth (% ages 15–24)",9.9,2000
IND,India,111106,International inbound tourists (thousands),2649,2000
IND,India,111306,Private capital flows (% of GDP),-1.172766,2000
IND,India,112506,"Suicide rate, male (per 100,000 people)",21.5,2000
IND,India,112606,"Suicide rate, female (per 100,000 people)",16.8,2000
IND,India,120606,"Life expectancy at birth, female (years)",63.438,2000
IND,India,121106,"Life expectancy at birth, male (years)",61.789,2000
IND,India,121206,Young age (0-14) dependency ratio (per 100 people ages 15-64),57.067,2000
IND,India,122006,Old-age (65 and older) dependency ratio (per 100 people ages 15-64),7.228,2000
IND,India,123306,"Expected years of schooling, female (years)",7.3,2000
IND,India,123406,"Expected years of schooling, male (years)",9.3,2000
IND,India,123506,"Estimated gross national income per capita, female (2011 PPP $)",1152.370863,2000
IND,India,123606,"Estimated gross national income per capita, male (2011 PPP $)",3696.07211,2000
IND,India,127606,Domestic credit provided by financial sector (% of GDP),52.78882499,2000
IND,India,132706,Population ages 65 and older (millions),46.32614,2000
IND,India,132806,Population under age 5 (millions),127.607,2000
IND,India,133206,Exports and imports (% of GDP),27.1923,2000
IND,India,136706,GDP per capita (2011 PPP $),2495.046633,2000
IND,India,136906,"Human Development Index (HDI), female",0.415944641,2000
IND,India,137006,"Human Development Index (HDI), male",0.556955943,2000
IND,India,137506,Human Development Index (HDI),0.493438731,2000
IND,India,137906,Gender Development Index (GDI),0.746817851,2000
IND,India,140606,"Unemployment, total (% of labour force)",4.3,2000
IND,India,141706,Gross national income (GNI) per capita (2011 PPP $),2470.08829,2000
IND,India,143306,"Gross domestic product (GDP), total (2011 PPP $ billions)",2627.411132,2000
IND,India,147206,International student mobility (% of total tertiary enrolment),-0.63236,2000
IND,India,148206,Labour force participation rate (% ages 15 and older),59,2000
IND,India,148306,Employment to population ratio (% ages 15 and older),56.5,2000
IND,India,149206,Government expenditure on education (% of GDP),4.383259773,2000
IND,India,150606,Employment in agriculture (% of total employment),59.7,2000
IND,India,150706,Employment in services (% of total employment),24,2000
IND,India,153706,Working poor at PPP$3.10 a day (% of total employment),76.5,2000
IND,India,163906,Renewable energy consumption (% of total final energy consumption),51.57934762,2000
IND,India,164406,Adjusted net savings (% of GNI),15.21045832,2000
IND,India,169706,Total unemployment rate (female to male ratio),0.954545455,2000
IND,India,169806,Youth unemployment rate (female to male ratio),1,2000
IND,India,174206,"Total debt service (% of exports of goods, services and primary income)",17.08105303,2000
IND,India,174306,Fossil fuel energy consumption (% of total energy consumption),63.72739451,2000
IND,India,174406,Carbon dioxide emissions (kg per 2011 PPP $ of GDP),0.392726304,2000
IND,India,175106,"Share of employment in nonagriculture, female (% of total employment in nonagriculture)",17.92,2000
IND,India,175206,"Antenatal care coverage, at least one visit (%)",61.8,2000
IND,India,175506,"Contraceptive prevalence, any method (% of married or in-union women of reproductive age, 15–49 years)",46.9,2000
IND,India,177106,Population using improved drinking-water sources (%),80.41490389,2000
IND,India,177206,Population using improved sanitation facilities (%),21.67809241,2000
IND,India,178306,Gross capital formation (% of GDP),27.03988055,2000
IND,India,179706,Ratio of education and health expenditure to military expenditure,2.815432218,2000
IND,India,181206,Proportion of births attended by skilled health personnel (%),42.5,2000
IND,India,181706,Rural population with access to electricity (%),48.18162867,2000
IND,India,181806,Current health expenditure (% of GDP),4.17907,2000
IND,India,182106,"Malaria incidence (per 1,000 people at risk)",42.146,2000
IND,India,182206,"Tuberculosis incidence (per 100,000 people)",289,2000
IND,India,69206,Life expectancy at birth (years),62.179,1999
IND,India,69706,Expected years of schooling (years),8.30602,1999
IND,India,103006,Mean years of schooling (years),4.23,1999
IND,India,103206,Life expectancy index,0.648907692,1999
IND,India,103606,Income index,0.481806769,1999
IND,India,103706,Education index,0.371722778,1999
IND,India,137506,Human Development Index (HDI),0.488005816,1999
IND,India,141706,Gross national income (GNI) per capita (2011 PPP $),2427.861896,1999
IND,India,69206,Life expectancy at birth (years),61.761,1998
IND,India,69706,Expected years of schooling (years),8.27468,1998
IND,India,103006,Mean years of schooling (years),4.05,1998
IND,India,103206,Life expectancy index,0.642476923,1998
IND,India,103606,Income index,0.471613606,1998
IND,India,103706,Education index,0.364852222,1998
IND,India,137506,Human Development Index (HDI),0.479940005,1998
IND,India,141706,Gross national income (GNI) per capita (2011 PPP $),2269.436364,1998
IND,India,31706,Share of seats in parliament (% held by women),7.341772152,1997
IND,India,69206,Life expectancy at birth (years),61.327,1997
IND,India,69706,Expected years of schooling (years),8.24335,1997
IND,India,103006,Mean years of schooling (years),3.87,1997
IND,India,103206,Life expectancy index,0.6358,1997
IND,India,103606,Income index,0.465332458,1997
IND,India,103706,Education index,0.357981944,1997
IND,India,137506,Human Development Index (HDI),0.473131283,1997
IND,India,141706,Gross national income (GNI) per capita (2011 PPP $),2177.004488,1997
IND,India,52306,Research and development expenditure (% of GDP),0.62772,1996
IND,India,69206,Life expectancy at birth (years),60.877,1996
IND,India,69706,Expected years of schooling (years),8.20939,1996
IND,India,103006,Mean years of schooling (years),3.69,1996
IND,India,103206,Life expectancy index,0.628876923,1996
IND,India,103606,Income index,0.462051874,1996
IND,India,103706,Education index,0.351038611,1996
IND,India,137506,Human Development Index (HDI),0.467236857,1996
IND,India,141706,Gross national income (GNI) per capita (2011 PPP $),2130.23465,1996
IND,India,23806,Population with at least some secondary education (% ages 25 and older),26.9,1995
IND,India,23906,"Population with at least some secondary education, female (% ages 25 and older)",15.02,1995
IND,India,24006,"Population with at least some secondary education, male (% ages 25 and older)",40.43,1995
IND,India,24106,"Mean years of schooling, female (years)",1.9,1995
IND,India,24206,"Mean years of schooling, male (years)",5,1995
IND,India,27706,"Carbon dioxide emissions, per capita (tonnes)",0.844952257,1995
IND,India,31706,Share of seats in parliament (% held by women),7.341772152,1995
IND,India,36806,"Adolescent birth rate (births per 1,000 women ages 15-19)",93.976,1995
IND,India,43006,Vulnerable employment (% of total employment),84.9,1995
IND,India,44206,Total population (millions),960.482795,1995
IND,India,45106,Urban population (%),26.6,1995
IND,India,47906,Median age (years),21.819,1995
IND,India,48706,"Labour force participation rate (% ages 15 and older), female",35.4,1995
IND,India,48806,"Labour force participation rate (% ages 15 and older), male",84,1995
IND,India,49006,Sex ratio at birth (male to female births),1.09,1995
IND,India,52606,"Remittances, inflows (% of GDP)",1.75061,1995
IND,India,53506,"Foreign direct investment, net inflows (% of GDP)",0.60303,1995
IND,India,57206,"Mortality rate, infant (per 1,000 live births)",77.8,1995
IND,India,57506,"Mortality rate, under-five (per 1,000 live births)",109.1,1995
IND,India,57806,"Mortality rate, female adult (per 1,000 people)",211.275,1995
IND,India,57906,"Mortality rate, male adult (per 1,000 people)",264.173,1995
IND,India,58006,"HIV prevalence, adult (% ages 15-49)",0.2,1995
IND,India,63106,Population ages 15–64 (millions),569.664,1995
IND,India,63206,"Gross enrolment ratio, primary (% of primary school-age population)",94.40945,1995
IND,India,63306,"Gross enrolment ratio, secondary (% of secondary school-age population)",45.56564,1995
IND,India,63406,"Gross enrolment ratio, tertiary (% of tertiary school-age population)",5.5526,1995
IND,India,64306,"Infants lacking immunization, measles (% of one-year-olds)",28,1995
IND,India,64406,"Infants lacking immunization, DPT (% of one-year-olds)",12,1995
IND,India,65606,Gross fixed capital formation (% of GDP),25.98906354,1995
IND,India,68606,Gender Inequality Index (GII),0.686948303,1995
IND,India,69206,Life expectancy at birth (years),60.408,1995
IND,India,69706,Expected years of schooling (years),8.18394,1995
IND,India,89006,"Maternal mortality ratio (deaths per 100,000 live births)",471,1995
IND,India,99106,Net official development assistance received (% of GNI),0.494445,1995
IND,India,100806,Forest area (% of total land area),21.74919867,1995
IND,India,103006,Mean years of schooling (years),3.51,1995
IND,India,103206,Life expectancy index,0.621661538,1995
IND,India,103606,Income index,0.453653299,1995
IND,India,103706,Education index,0.344331667,1995
IND,India,110806,"Net migration rate (per 1,000 people)",-0.121,1995
IND,India,110906,"Unemployment, youth (% ages 15–24)",8.3,1995
IND,India,111106,International inbound tourists (thousands),2124,1995
IND,India,111306,Private capital flows (% of GDP),-1.017485,1995
IND,India,120606,"Life expectancy at birth, female (years)",61.086,1995
IND,India,121106,"Life expectancy at birth, male (years)",59.795,1995
IND,India,121206,Young age (0-14) dependency ratio (per 100 people ages 15-64),61.758,1995
IND,India,122006,Old-age (65 and older) dependency ratio (per 100 people ages 15-64),6.847,1995
IND,India,123306,"Expected years of schooling, female (years)",6.9,1995
IND,India,123406,"Expected years of schooling, male (years)",9.4,1995
IND,India,123506,"Estimated gross national income per capita, female (2011 PPP $)",955.585548,1995
IND,India,123606,"Estimated gross national income per capita, male (2011 PPP $)",3001.606898,1995
IND,India,127606,Domestic credit provided by financial sector (% of GDP),44.19906859,1995
IND,India,132706,Population ages 65 and older (millions),39.00614,1995
IND,India,132806,Population under age 5 (millions),124.391,1995
IND,India,133006,"Gross enrolment ratio, pre-primary (% of preschool-age children)",4.38697,1995
IND,India,133206,Exports and imports (% of GDP),23.1153,1995
IND,India,136706,GDP per capita (2011 PPP $),2036.795929,1995
IND,India,136906,"Human Development Index (HDI), female",0.372321688,1995
IND,India,137006,"Human Development Index (HDI), male",0.522970393,1995
IND,India,137506,Human Development Index (HDI),0.459640561,1995
IND,India,137906,Gender Development Index (GDI),0.711936455,1995
IND,India,140606,"Unemployment, total (% of labour force)",3.7,1995
IND,India,141706,Gross national income (GNI) per capita (2011 PPP $),2015.027736,1995
IND,India,143306,"Gross domestic product (GDP), total (2011 PPP $ billions)",1956.307447,1995
IND,India,148206,Labour force participation rate (% ages 15 and older),60.5,1995
IND,India,148306,Employment to population ratio (% ages 15 and older),58.3,1995
IND,India,150606,Employment in agriculture (% of total employment),61.3,1995
IND,India,150706,Employment in services (% of total employment),22.6,1995
IND,India,153706,Working poor at PPP$3.10 a day (% of total employment),78.2,1995
IND,India,163906,Renewable energy consumption (% of total final energy consumption),54.484117,1995
IND,India,164406,Adjusted net savings (% of GNI),14.66767988,1995
IND,India,169706,Total unemployment rate (female to male ratio),1.111111111,1995
IND,India,169806,Youth unemployment rate (female to male ratio),1,1995
IND,India,174206,"Total debt service (% of exports of goods, services and primary income)",33.2599373,1995
IND,India,174306,Fossil fuel energy consumption (% of total energy consumption),59.98794193,1995
IND,India,174406,Carbon dioxide emissions (kg per 2011 PPP $ of GDP),0.414843846,1995
IND,India,175106,"Share of employment in nonagriculture, female (% of total employment in nonagriculture)",18.72,1995
IND,India,178306,Gross capital formation (% of GDP),28.16717687,1995
IND,India,181706,Rural population with access to electricity (%),39.06134795,1995
IND,India,69206,Life expectancy at birth (years),59.921,1994
IND,India,69706,Expected years of schooling (years),8.07411,1994
IND,India,103006,Mean years of schooling (years),3.4,1994
IND,India,103206,Life expectancy index,0.614169231,1994
IND,India,103606,Income index,0.445293384,1994
IND,India,103706,Education index,0.337614167,1994
IND,India,137506,Human Development Index (HDI),0.451979066,1994
IND,India,141706,Gross national income (GNI) per capita (2011 PPP $),1906.539293,1994
IND,India,69206,Life expectancy at birth (years),59.421,1993
IND,India,69706,Expected years of schooling (years),7.96429,1993
IND,India,103006,Mean years of schooling (years),3.29,1993
IND,India,103206,Life expectancy index,0.606476923,1993
IND,India,103606,Income index,0.438328006,1993
IND,India,103706,Education index,0.330896944,1993
IND,India,137506,Human Development Index (HDI),0.444735795,1993
IND,India,141706,Gross national income (GNI) per capita (2011 PPP $),1820.622358,1993
IND,India,69206,Life expectancy at birth (years),58.915,1992
IND,India,69706,Expected years of schooling (years),7.85446,1992
IND,India,103006,Mean years of schooling (years),3.18,1992
IND,India,103206,Life expectancy index,0.598692308,1992
IND,India,103606,Income index,0.434082005,1992
IND,India,103706,Education index,0.324179444,1992
IND,India,137506,Human Development Index (HDI),0.43838294,1992
IND,India,141706,Gross national income (GNI) per capita (2011 PPP $),1770.159332,1992
IND,India,43006,Vulnerable employment (% of total employment),84.3,1991
IND,India,69206,Life expectancy at birth (years),58.409,1991
IND,India,69706,Expected years of schooling (years),7.74463,1991
IND,India,103006,Mean years of schooling (years),3.07,1991
IND,India,103206,Life expectancy index,0.590907692,1991
IND,India,103606,Income index,0.429047474,1991
IND,India,103706,Education index,0.317461944,1991
IND,India,110906,"Unemployment, youth (% ages 15–24)",8.5,1991
IND,India,137506,Human Development Index (HDI),0.431756504,1991
IND,India,140606,"Unemployment, total (% of labour force)",3.8,1991
IND,India,141706,Gross national income (GNI) per capita (2011 PPP $),1712.13408,1991
IND,India,148306,Employment to population ratio (% ages 15 and older),58.3,1991
IND,India,150606,Employment in agriculture (% of total employment),63.6,1991
IND,India,150706,Employment in services (% of total employment),21.6,1991
IND,India,153706,Working poor at PPP$3.10 a day (% of total employment),82.8,1991
IND,India,169706,Total unemployment rate (female to male ratio),1.052631579,1991
IND,India,169806,Youth unemployment rate (female to male ratio),0.977011494,1991
IND,India,175106,"Share of employment in nonagriculture, female (% of total employment in nonagriculture)",18.36,1991
IND,India,23806,Population with at least some secondary education (% ages 25 and older),24,1990
IND,India,23906,"Population with at least some secondary education, female (% ages 25 and older)",13.45,1990
IND,India,24006,"Population with at least some secondary education, male (% ages 25 and older)",33.28,1990
IND,India,24106,"Mean years of schooling, female (years)",1.7,1990
IND,India,24206,"Mean years of schooling, male (years)",4.1,1990
IND,India,27706,"Carbon dioxide emissions, per capita (tonnes)",0.7115628,1990
IND,India,36806,"Adolescent birth rate (births per 1,000 women ages 15-19)",106.009,1990
IND,India,44206,Total population (millions),870.13348,1990
IND,India,45106,Urban population (%),25.5,1990
IND,India,47906,Median age (years),21.099,1990
IND,India,48706,"Labour force participation rate (% ages 15 and older), female",35.1,1990
IND,India,48806,"Labour force participation rate (% ages 15 and older), male",84.5,1990
IND,India,49006,Sex ratio at birth (male to female births),1.07,1990
IND,India,52606,"Remittances, inflows (% of GDP)",0.752687,1990
IND,India,53506,"Foreign direct investment, net inflows (% of GDP)",0.074737,1990
IND,India,57206,"Mortality rate, infant (per 1,000 live births)",88.4,1990
IND,India,57506,"Mortality rate, under-five (per 1,000 live births)",125.9,1990
IND,India,57806,"Mortality rate, female adult (per 1,000 people)",237.181,1990
IND,India,57906,"Mortality rate, male adult (per 1,000 people)",281.39,1990
IND,India,58006,"HIV prevalence, adult (% ages 15-49)",0.1,1990
IND,India,63106,Population ages 15–64 (millions),506.787,1990
IND,India,63206,"Gross enrolment ratio, primary (% of primary school-age population)",91.89113,1990
IND,India,63406,"Gross enrolment ratio, tertiary (% of tertiary school-age population)",5.9597,1990
IND,India,64306,"Infants lacking immunization, measles (% of one-year-olds)",44,1990
IND,India,64406,"Infants lacking immunization, DPT (% of one-year-olds)",12,1990
IND,India,65606,Gross fixed capital formation (% of GDP),25.74390653,1990
IND,India,69206,Life expectancy at birth (years),57.915,1990
IND,India,69706,Expected years of schooling (years),7.63481,1990
IND,India,89006,"Maternal mortality ratio (deaths per 100,000 live births)",556,1990
IND,India,97106,Fresh water withdrawals (% of total renewable water resources),26.16,1990
IND,India,99106,Net official development assistance received (% of GNI),0.447666,1990
IND,India,100806,Forest area (% of total land area),21.50518467,1990
IND,India,103006,Mean years of schooling (years),2.96,1990
IND,India,103206,Life expectancy index,0.583307692,1990
IND,India,103606,Income index,0.430866267,1990
IND,India,103706,Education index,0.310744722,1990
IND,India,110806,"Net migration rate (per 1,000 people)",0.011,1990
IND,India,111306,Private capital flows (% of GDP),0,1990
IND,India,120606,"Life expectancy at birth, female (years)",58.261,1990
IND,India,121106,"Life expectancy at birth, male (years)",57.608,1990
IND,India,121206,Young age (0-14) dependency ratio (per 100 people ages 15-64),65.123,1990
IND,India,122006,Old-age (65 and older) dependency ratio (per 100 people ages 15-64),6.573,1990
IND,India,123306,"Expected years of schooling, female (years)",6.4,1990
IND,India,123406,"Expected years of schooling, male (years)",8.8,1990
IND,India,127606,Domestic credit provided by financial sector (% of GDP),51.53674218,1990
IND,India,132706,Population ages 65 and older (millions),33.31022,1990
IND,India,132806,Population under age 5 (millions),121.428,1990
IND,India,133006,"Gross enrolment ratio, pre-primary (% of preschool-age children)",2.91875,1990
IND,India,133206,Exports and imports (% of GDP),15.6745,1990
IND,India,136706,GDP per capita (2011 PPP $),1754.85733,1990
IND,India,137506,Human Development Index (HDI),0.427446061,1990
IND,India,141706,Gross national income (GNI) per capita (2011 PPP $),1732.873714,1990
IND,India,143306,"Gross domestic product (GDP), total (2011 PPP $ billions)",1526.960115,1990
IND,India,148206,Labour force participation rate (% ages 15 and older),60.7,1990
IND,India,163906,Renewable energy consumption (% of total final energy consumption),58.65285835,1990
IND,India,164406,Adjusted net savings (% of GNI),14.51206318,1990
IND,India,174206,"Total debt service (% of exports of goods, services and primary income)",32.95594557,1990
IND,India,174306,Fossil fuel energy consumption (% of total energy consumption),53.76395973,1990
IND,India,174406,Carbon dioxide emissions (kg per 2011 PPP $ of GDP),0.405481852,1990
IND,India,178306,Gross capital formation (% of GDP),29.01192002,1990
IND,India,181706,Rural population with access to electricity (%),29.74335359,1990
